,acc,mcc,Recall,Precision,strain,closest_strain,distance,ith
0,0.7882758620689655,0.42021364117696647,0.5635838150289018,0.5555555555555556,PR2,PR1,0.02541545,0.0
1,0.8449089683074849,0.5453930562316598,0.5862068965517241,0.7034482758620689,PR2,PAr,0.03417823,1.0
2,0.7856640899508082,0.4186373849192484,0.5756676557863502,0.5449438202247191,PR2,PH,0.06483484,2.0
3,0.7799862919808088,0.4535508860982802,0.6811594202898551,0.5269058295964125,PR2,PP,0.0791541,3.0
4,0.7550881953867028,0.31762291385124664,0.4782608695652174,0.476878612716763,PR2,PK,0.09188788,4.0
5,0.7287559483344663,0.1811127429020092,0.3017241379310345,0.40229885057471265,PR2,PAg1,0.56522196,5.0
6,0.7009413468501087,0.22999858414184882,0.4629080118694362,0.4020618556701031,PR2,PAg2,0.57021691,6.0
7,0.7218095881161377,0.16743712871181016,0.29914529914529914,0.3874538745387454,PR2,EL,0.57326107,7.0
8,0.6849593495934959,0.11276860195977326,0.3076923076923077,0.32727272727272727,PR2,BI,0.60075236,8.0
9,0.6973232669869595,0.08055442720895446,0.22832369942196531,0.31225296442687744,PR2,CF,0.60789191,9.0
10,0.6022330774598744,-0.008462992907727935,0.29376854599406527,0.2296983758700696,PR2,EC,0.61381935,10.0
11,0.7474610697359513,0.2540766608851041,0.3654390934844193,0.46402877697841727,PR2,PAg3,0.61435932,11.0
12,0.6904761904761905,0.13236214343353386,0.3275862068965517,0.3402985074626866,PR2,LA,0.61734586,12.0
13,0.6845360824742268,0.12725031105198478,0.3392330383480826,0.32857142857142857,PR2,RP1,0.6194579,13.0
14,0.6787234042553192,0.09394947077055332,0.28994082840236685,0.31511254019292606,PR2,KA,0.62007802,14.0
15,0.7083333333333334,0.11618651769894205,0.2676923076923077,0.3320610687022901,PR2,RP2,0.62258338,15.0
16,0.7015742642026009,0.10471730402659177,0.26176470588235295,0.3248175182481752,PR2,PAl,0.6443549,16.0
17,0.6486111111111111,0.09286093863249865,0.36070381231671556,0.29927007299270075,PR2,SF1,0.68934665,17.0
18,0.6774415405777167,0.14416323992991326,0.3786127167630058,0.34025974025974026,PR2,EA,0.69568183,18.0
19,0.8429752066115702,0.5537860997868975,0.5910364145658263,0.7201365187713311,PR1,PAr,0.02513106,0.0
20,0.7885674931129476,0.4228344682552528,0.5533707865168539,0.5710144927536231,PR1,PR2,0.02541545,1.0
21,0.7786532951289399,0.4034261558504406,0.5510204081632653,0.5494186046511628,PR1,PH,0.05578767,2.0
22,0.775052557813595,0.4459723742292374,0.6657223796033994,0.5365296803652968,PR1,PP,0.07010693,3.0
23,0.7657657657657657,0.3605457986120062,0.4986072423398329,0.5311572700296736,PR1,PK,0.08284071,4.0
24,0.7194444444444444,0.16738815840292576,0.288135593220339,0.4015748031496063,PR1,PAg1,0.55617479,5.0
25,0.6816838995568686,0.17909515659834968,0.41420118343195267,0.3753351206434316,PR1,PAg2,0.56116974,6.0
26,0.717136958017894,0.16962853562336602,0.29971988795518206,0.39925373134328357,PR1,EL,0.5642139,7.0
27,0.7176470588235294,0.21148935364132784,0.37677053824362605,0.4143302180685358,PR1,BI,0.59170519,8.0
28,0.7278436845778088,0.18776558346347608,0.29461756373937675,0.42448979591836733,PR1,CF,0.59884474,9.0
29,0.6355206847360912,0.1016673143838372,0.39766081871345027,0.30839002267573695,PR1,EC,0.60477218,10.0
30,0.7281553398058253,0.2030405653409043,0.3202247191011236,0.4318181818181818,PR1,PAg3,0.60531215,11.0
31,0.6664350243224462,0.0726400931840137,0.2776203966005666,0.30340557275541796,PR1,LA,0.60829869,12.0
32,0.6916608269096005,0.1622939444813346,0.3649425287356322,0.3670520231213873,PR1,RP1,0.61041073,13.0
33,0.7070707070707071,0.19400273961383702,0.3638968481375358,0.40836012861736337,PR1,KA,0.61103085,14.0
34,0.7094448449891853,0.1576767117578422,0.30116959064327486,0.3857677902621723,PR1,RP2,0.61353621,15.0
35,0.7280334728033473,0.2035844987716616,0.32951289398280803,0.42435424354243545,PR1,PAl,0.63530773,16.0
36,0.6786723163841808,0.1767494400340361,0.42485549132947975,0.36476426799007444,PR1,SF1,0.68029948,17.0
37,0.6830294530154277,0.16086100100261583,0.3872832369942196,0.3582887700534759,PR1,EA,0.68663466,18.0
38,0.8441379310344828,0.5569989738775957,0.7250859106529209,0.5910364145658263,PAr,PR1,0.02513106,0.0
39,0.8435603506405934,0.5417942936206104,0.6962457337883959,0.5878962536023055,PAr,PR2,0.03417823,1.0
40,0.8007017543859649,0.42986380229692756,0.6183745583038869,0.4985754985754986,PAr,PH,0.04313131,2.0
41,0.7869415807560137,0.45852837737368535,0.7282229965156795,0.47392290249433106,PAr,PP,0.05745057,3.0
42,0.8036684782608695,0.42610718626917865,0.5993150684931506,0.5043227665706052,PAr,PK,0.07018435,4.0
43,0.747275204359673,0.1695729700341044,0.3090277777777778,0.34099616858237547,PAr,PAg1,0.53929537,5.0
44,0.7012327773749093,0.19524147267353228,0.45357142857142857,0.3290155440414508,PAr,PAg2,0.54429032,6.0
45,0.7533783783783784,0.20811651571319859,0.3539518900343643,0.3678571428571429,PAr,EL,0.54733448,7.0
46,0.7437117607070021,0.2393461020261682,0.42857142857142855,0.3761194029850746,PAr,BI,0.57482577,8.0
47,0.7446662078458361,0.1635906498055077,0.29896907216494845,0.3425196850393701,PAr,CF,0.58196532,9.0
48,0.6557262569832403,0.1049220213609361,0.40425531914893614,0.25968109339407747,PAr,EC,0.58789276,10.0
49,0.7598371777476255,0.23030084307887114,0.3698630136986301,0.38848920863309355,PAr,PAg3,0.58843273,11.0
50,0.6875852660300137,0.07359065321284385,0.2920962199312715,0.2522255192878338,PAr,LA,0.59141927,12.0
51,0.7035003431708992,0.13929455524422768,0.3649122807017544,0.29295774647887324,PAr,RP1,0.59353131,13.0
52,0.7358757062146892,0.21047821692134902,0.40070921985815605,0.3553459119496855,PAr,KA,0.59415143,14.0
53,0.7366197183098592,0.15213811051425363,0.30824372759856633,0.32209737827715357,PAr,RP2,0.59665679,15.0
54,0.7379972565157751,0.16257187798684605,0.32167832167832167,0.32857142857142857,PAr,PAl,0.61842831,16.0
55,0.6904927133934767,0.17536845131372408,0.4507042253521127,0.3062200956937799,PAr,SF1,0.66342006,17.0
56,0.7112482853223594,0.2012971399088301,0.4479166666666667,0.329923273657289,PAr,EA,0.66975524,18.0
57,0.6476719944405838,0.09432299320590098,0.23010752688172043,0.41796875,EC,EL,0.08640246,0.0
58,0.7083916083916084,0.2800472150342348,0.3899782135076253,0.5664556962025317,EC,BI,0.11389375,1.0
59,0.6959887403237157,0.22994033888588125,0.30718954248366015,0.5529411764705883,EC,CF,0.1210333,2.0
60,0.6748251748251748,0.16718186854228967,0.26956521739130435,0.4901185770750988,EC,PAg1,0.12135235,3.0
61,0.6379182156133829,0.15458629636517096,0.38084632516703787,0.45,EC,PAg2,0.1263473,4.0
62,0.6523876404494382,0.14444269103518814,0.31317494600431967,0.4503105590062112,EC,LA,0.13048725,5.0
63,0.6678420310296191,0.19367580679835386,0.35853131749460043,0.48823529411764705,EC,RP1,0.13259929,6.0
64,0.7054545454545454,0.2738472564628088,0.38288288288288286,0.5647840531561462,EC,KA,0.13321941,7.0
65,0.6805755395683454,0.20515501984815593,0.30434782608695654,0.5303030303030303,EC,RP2,0.13572477,8.0
66,0.664804469273743,0.1419407872211336,0.25757575757575757,0.46484375,EC,PAg3,0.17048971,9.0
67,0.6534932956951306,0.113045002206666,0.24780701754385964,0.4329501915708812,EC,PAl,0.20048529,10.0
68,0.7005689900426743,0.29846439648046535,0.4900662251655629,0.5388349514563107,EC,SF1,0.20248804,11.0
69,0.6683133380381087,0.2018029712113795,0.3881578947368421,0.48097826086956524,EC,EA,0.20882322,12.0
70,0.6548364648573417,0.11173719679594137,0.24025974025974026,0.43359375,EC,PAr,0.58789276,13.0
71,0.6351351351351351,0.10161825944497165,0.2923076923076923,0.4104938271604938,EC,PR1,0.60477218,14.0
72,0.6038915913829048,0.0014544838393227629,0.21212121212121213,0.3223684210526316,EC,PR2,0.61381935,15.0
73,0.579250720461095,-0.03622879425745799,0.2106430155210643,0.29411764705882354,EC,PH,0.62277243,16.0
74,0.5547703180212014,-0.05001135662945733,0.25663716814159293,0.28292682926829266,EC,PP,0.63709169,17.0
75,0.6403631284916201,0.10944094830007739,0.2894168466522678,0.41875,EC,PK,0.64982547,18.0
76,0.8066485753052918,0.42739396634435955,0.6042402826855123,0.49709302325581395,EL,BI,0.04871739,0.0
77,0.8182441700960219,0.4009554461730156,0.4929078014184397,0.5325670498084292,EL,CF,0.05585694,1.0
78,0.8176229508196722,0.4677751477143774,0.6466431095406361,0.5228571428571429,EL,LA,0.06531089,2.0
79,0.8156808803301238,0.4753970457059778,0.68,0.5095367847411444,EL,RP1,0.06742293,3.0
80,0.8128986534372785,0.4422936248092255,0.6102941176470589,0.5123456790123457,EL,KA,0.06804305,4.0
81,0.8416608022519353,0.49076096078916864,0.5985130111524164,0.579136690647482,EL,RP2,0.07054841,5.0
82,0.8346938775510204,0.4589645844575187,0.549645390070922,0.5719557195571956,EL,PAg1,0.08079407,6.0
83,0.7643219724437998,0.37258640459649933,0.6292134831460674,0.4263959390862944,EL,PAg2,0.08578902,7.0
84,0.6520223152022315,0.0940213225731644,0.3992673992673993,0.24549549549549549,EL,EC,0.08640246,8.0
85,0.8346883468834688,0.46664743079732507,0.5709219858156028,0.5669014084507042,EL,PAg3,0.12993143,9.0
86,0.7489568845618915,0.3396662803630953,0.6101083032490975,0.4004739336492891,EL,SF1,0.13731168,10.0
87,0.7259615384615384,0.2268320133026747,0.4642857142857143,0.34300791556728233,EL,EA,0.14364686,11.0
88,0.8226027397260274,0.42558208498488637,0.5457875457875457,0.5246478873239436,EL,PAl,0.15992701,12.0
89,0.7574324324324324,0.21260140813949863,0.3591549295774648,0.3655913978494624,EL,PAr,0.54733448,13.0
90,0.7155647382920111,0.1508237083536816,0.3607142857142857,0.30149253731343284,EL,PR1,0.5642139,14.0
91,0.7218095881161377,0.15802459486693152,0.3617021276595745,0.30538922155688625,EL,PR2,0.57326107,15.0
92,0.7064220183486238,0.13788430682591768,0.362962962962963,0.28654970760233917,EL,PH,0.58221415,16.0
93,0.6382978723404256,0.03270163817165114,0.325,0.21212121212121213,EL,PP,0.59653341,17.0
94,0.7366283006093433,0.21147616728304328,0.4105263157894737,0.34615384615384615,EL,PK,0.60926719,18.0
95,0.7872487872487872,0.4226780970221149,0.5657142857142857,0.5609065155807366,LA,RP1,0.04888202,0.0
96,0.8061297220242338,0.4372138712624105,0.5029585798816568,0.6204379562043796,LA,RP2,0.0520075,1.0
97,0.7854694996572995,0.4055485235377492,0.5340909090909091,0.5578635014836796,LA,BI,0.05234342,2.0
98,0.8079056865464632,0.43410432725292586,0.47564469914040114,0.6384615384615384,LA,CF,0.05948297,3.0
99,0.8148907103825137,0.46453222710583353,0.5225988700564972,0.6445993031358885,LA,EL,0.06531089,4.0
100,0.7896995708154506,0.4184369945217043,0.5427728613569321,0.5696594427244582,LA,KA,0.07166908,5.0
101,0.76993006993007,0.4221902733500693,0.6342857142857142,0.524822695035461,LA,SF1,0.11877077,6.0
102,0.8181818181818182,0.4644435119882948,0.501432664756447,0.660377358490566,LA,PAg1,0.12487886,7.0
103,0.7013167013167013,0.21121860715930424,0.42857142857142855,0.3937007874015748,LA,EA,0.12510595,8.0
104,0.7402501839587933,0.32422342816349375,0.5353846153846153,0.4627659574468085,LA,PAg2,0.12987381,9.0
105,0.6560958421423537,0.14935416425987239,0.4322766570605187,0.3401360544217687,LA,EC,0.13048725,10.0
106,0.8057652711050103,0.4351594187120514,0.4915254237288136,0.628158844765343,LA,PAg3,0.17401622,11.0
107,0.7817679558011049,0.3604063881926753,0.4438040345821326,0.555956678700361,LA,PAl,0.2040118,12.0
108,0.6903137789904502,0.08572484581211416,0.2443820224719101,0.31985294117647056,LA,PAr,0.59141927,13.0
109,0.6673625608907446,0.07412718067193343,0.2792022792022792,0.30340557275541796,LA,PR1,0.60829869,14.0
110,0.6918367346938775,0.13830446370869065,0.3267605633802817,0.3515151515151515,LA,PR2,0.61734586,15.0
111,0.6751954513148543,0.10750672750630089,0.31952662721893493,0.32238805970149254,LA,PH,0.62629894,16.0
112,0.6277777777777778,0.04801848267482147,0.32664756446991405,0.2746987951807229,LA,PP,0.6406182,17.0
113,0.698009608785175,0.16307385463916563,0.35127478753541075,0.3701492537313433,LA,PK,0.65335198,18.0
114,0.8575498575498576,0.6001458076372141,0.7789855072463768,0.6073446327683616,RP2,RP1,0.01034648,0.0
115,0.8051209103840683,0.4314834840338108,0.5944055944055944,0.5182926829268293,RP2,LA,0.0520075,1.0
116,0.8049469964664311,0.42653245814396434,0.5853658536585366,0.5169230769230769,RP2,BI,0.05758094,2.0
117,0.8092857142857143,0.38276411367765534,0.4716312056737589,0.5298804780876494,RP2,CF,0.06472049,3.0
118,0.8405898876404494,0.49396357609273556,0.5729166666666666,0.6133828996282528,RP2,EL,0.07054841,4.0
119,0.801762114537445,0.42059379295628924,0.5919117647058824,0.503125,RP2,KA,0.0769066,5.0
120,0.7575757575757576,0.36598201256117485,0.6205673758865248,0.43316831683168316,RP2,SF1,0.08667559,6.0
121,0.7018544935805991,0.16552409305006144,0.40425531914893614,0.3131868131868132,RP2,EA,0.09301077,7.0
122,0.8014184397163121,0.3665130385868045,0.47017543859649125,0.5095057034220533,RP2,PAg1,0.13011638,8.0
123,0.7086792452830188,0.21808224491516812,0.4758364312267658,0.34316353887399464,RP2,PAg2,0.13511133,9.0
124,0.6784172661870503,0.19597831917935063,0.5071428571428571,0.3148558758314856,RP2,EC,0.13572477,10.0
125,0.8021276595744681,0.3712087726507899,0.47719298245614034,0.5112781954887218,RP2,PAg3,0.17925374,11.0
126,0.7901498929336188,0.33504334640855793,0.45714285714285713,0.4740740740740741,RP2,PAl,0.20924932,12.0
127,0.7383966244725738,0.15966769547433993,0.3087719298245614,0.33460076045627374,RP2,PAr,0.59665679,13.0
128,0.7096541786743515,0.1544588118030447,0.3665480427046263,0.31402439024390244,RP2,PR1,0.61353621,14.0
129,0.7077464788732394,0.11581246010055699,0.31010452961672474,0.2908496732026144,RP2,PR2,0.62258338,15.0
130,0.6839038601602331,0.08508206921728732,0.3096085409252669,0.26605504587155965,RP2,PH,0.63153646,16.0
131,0.6213314244810307,-0.008810839336046754,0.2826855123674912,0.19704433497536947,RP2,PP,0.64585572,17.0
132,0.6812411847672779,0.06173719286509706,0.28222996515679444,0.24770642201834864,RP2,PK,0.6585895,18.0
133,0.8571428571428571,0.5985272072412832,0.603399433427762,0.7802197802197802,RP1,RP2,0.01034648,0.0
134,0.7858627858627859,0.4193207067408371,0.5311653116531165,0.5903614457831325,RP1,LA,0.04888202,1.0
135,0.789364640883978,0.42069918845282744,0.5289256198347108,0.588957055214724,RP1,BI,0.05445546,2.0
136,0.7775453277545328,0.3565758719064937,0.40437158469945356,0.5943775100401606,RP1,CF,0.06159501,3.0
137,0.8108665749656121,0.4644583044285295,0.5027027027027027,0.6714801444043321,RP1,EL,0.06742293,4.0
138,0.7858687815428983,0.4121970538588462,0.5185185185185185,0.5870967741935483,RP1,KA,0.07378112,5.0
139,0.7616361071932299,0.40074597361406794,0.5994475138121547,0.5292682926829269,RP1,SF1,0.08355011,6.0
140,0.6818181818181818,0.168378770520246,0.3873626373626374,0.3780160857908847,RP1,EA,0.08988529,7.0
141,0.7761607761607762,0.34550339274215097,0.39669421487603307,0.5806451612903226,RP1,PAg1,0.1269909,8.0
142,0.7084569732937686,0.2485304163201003,0.4619883040935672,0.4305177111716621,RP1,PAg2,0.13198585,9.0
143,0.6687898089171974,0.19149274843063474,0.46408839779005523,0.38009049773755654,RP1,EC,0.13259929,10.0
144,0.7636489288182446,0.3253227825350981,0.4076086956521739,0.5474452554744526,RP1,PAg3,0.17612826,11.0
145,0.7697138869504536,0.33350678490364394,0.4117647058823529,0.550561797752809,RP1,PAl,0.20612384,12.0
146,0.7048730267673301,0.1455657145002807,0.2826086956521739,0.3851851851851852,RP1,PAr,0.59353131,13.0
147,0.6912280701754386,0.15972439977525105,0.3443526170798898,0.382262996941896,RP1,PR1,0.61041073,14.0
148,0.6845360824742268,0.12908064479239637,0.3116531165311653,0.359375,RP1,PR2,0.6194579,15.0
149,0.6716845878136201,0.12363456278512384,0.33147632311977715,0.35311572700296734,RP1,PH,0.62841098,16.0
150,0.6023759608665269,-0.0008431696479032569,0.2872628726287263,0.25728155339805825,RP1,PP,0.64273024,17.0
151,0.6645962732919255,0.07895751272995426,0.2791327913279133,0.3188854489164087,RP1,PK,0.65546402,18.0
152,0.6704304869442484,0.17475388867869834,0.40992167101827676,0.3944723618090452,EA,SF1,0.0896435,0.0
153,0.6808659217877095,0.16585464983651466,0.35279187817258884,0.40762463343108507,EA,RP1,0.08988529,1.0
154,0.703281027104137,0.1709987783849875,0.2955145118733509,0.42911877394636017,EA,RP2,0.09301077,2.0
155,0.7031141868512111,0.21333492310698218,0.37659033078880405,0.4457831325301205,EA,LA,0.12510595,3.0
156,0.7344827586206897,0.2972493881987502,0.4318181818181818,0.5166163141993958,EA,BI,0.13067939,4.0
157,0.7540069686411149,0.31609980506351476,0.37948717948717947,0.5714285714285714,EA,CF,0.13781894,5.0
158,0.7270233196159122,0.23909710024679515,0.33249370277078083,0.4981132075471698,EA,EL,0.14364686,6.0
159,0.745493871665465,0.33218570417139504,0.45454545454545453,0.550314465408805,EA,KA,0.15000505,7.0
160,0.7506925207756233,0.30684306245781434,0.37055837563451777,0.5658914728682171,EA,PAg1,0.20321483,8.0
161,0.711764705882353,0.2784868382707334,0.48509485094850946,0.46981627296587924,EA,PAg2,0.20820978,9.0
162,0.670205237084218,0.2018056206788227,0.45524296675191817,0.41299303944315546,EA,EC,0.20882322,10.0
163,0.7922705314009661,0.43324230605823194,0.4720812182741117,0.6666666666666666,EA,PAg3,0.25235219,11.0
164,0.7142857142857143,0.20275150686357493,0.3153846153846154,0.458955223880597,EA,PAl,0.28234777,12.0
165,0.7136986301369863,0.2081932089614906,0.32,0.46715328467153283,EA,PAr,0.66975524,13.0
166,0.685133239831697,0.16456884896227958,0.336734693877551,0.411214953271028,EA,PR1,0.68663466,14.0
167,0.6792582417582418,0.14942734616776426,0.3275,0.3981762917933131,EA,PR2,0.69568183,15.0
168,0.6776034236804565,0.1433621311839778,0.33156498673740054,0.38461538461538464,EA,PH,0.70463491,16.0
169,0.6731843575418994,0.200133084694827,0.4475703324808184,0.4098360655737705,EA,PP,0.71895417,17.0
170,0.6940041350792557,0.18886693976462737,0.3604060913705584,0.4251497005988024,EA,PK,0.73168795,18.0
171,0.7644163150492265,0.4005593711907947,0.5109489051094891,0.6104651162790697,SF1,RP1,0.08355011,0.0
172,0.7640692640692641,0.37269080157998774,0.4221105527638191,0.6339622641509434,SF1,RP2,0.08667559,1.0
173,0.6694855532064834,0.16476065490183078,0.37037037037037035,0.41208791208791207,SF1,EA,0.0896435,2.0
174,0.7733612273361228,0.42061554280247093,0.5169082125603864,0.6312684365781711,SF1,LA,0.11877077,3.0
175,0.7905358385525401,0.4580008602883868,0.5242718446601942,0.6728971962616822,SF1,BI,0.12434421,4.0
176,0.7676056338028169,0.3769858428431911,0.40786240786240785,0.6509803921568628,SF1,CF,0.13148376,5.0
177,0.7517337031900139,0.33661005585589643,0.3961352657004831,0.6029411764705882,SF1,EL,0.13731168,6.0
178,0.7699564586357039,0.4069736691478098,0.5012658227848101,0.6226415094339622,SF1,KA,0.14366987,7.0
179,0.7233449477351916,0.24449169594708148,0.31873479318734793,0.5282258064516129,SF1,PAg1,0.19687965,8.0
180,0.7096296296296296,0.27755310719440396,0.47368421052631576,0.4838709677419355,SF1,PAg2,0.2018746,9.0
181,0.7053380782918149,0.30269833023403303,0.5343137254901961,0.49321266968325794,SF1,EC,0.20248804,10.0
182,0.7217573221757322,0.24610012577379045,0.3309002433090024,0.5230769230769231,SF1,PAg3,0.24601701,11.0
183,0.7043539325842697,0.19385276832554954,0.3092269326683292,0.4626865671641791,SF1,PAl,0.27601259,12.0
184,0.6934256055363321,0.16933722111411326,0.2891566265060241,0.44776119402985076,SF1,PAr,0.66342006,13.0
185,0.6737138830162086,0.1535908172644751,0.3260340632603406,0.41875,SF1,PR1,0.68029948,14.0
186,0.646814404432133,0.07635266309298566,0.27228915662650605,0.35202492211838005,SF1,PR2,0.68934665,15.0
187,0.6300287356321839,0.04032246495740225,0.2581453634085213,0.3198757763975155,SF1,PH,0.69829973,16.0
188,0.5984528832630098,0.022283066776481546,0.3071253071253071,0.30193236714975846,SF1,PP,0.71261899,17.0
189,0.6666666666666666,0.1323373130274884,0.3131067961165049,0.39814814814814814,SF1,PK,0.72535277,18.0
190,0.8518263266712612,0.5552461220390392,0.5637982195845698,0.7364341085271318,BI,CF,0.01606217,0.0
191,0.864153627311522,0.621454983784659,0.7112462006079028,0.7090909090909091,BI,KA,0.02824828,1.0
192,0.8082655826558266,0.43167208493841863,0.5,0.607773851590106,BI,EL,0.04871739,2.0
193,0.784394250513347,0.39693769916608984,0.5319767441860465,0.543026706231454,BI,LA,0.05234342,3.0
194,0.7924137931034483,0.42394620250667653,0.5753012048192772,0.5441595441595442,BI,RP1,0.05445546,4.0
195,0.801980198019802,0.4143292334333414,0.48493975903614456,0.5962962962962963,BI,RP2,0.05758094,5.0
196,0.7968536251709987,0.38139216903998013,0.4491017964071856,0.5703422053231939,BI,PAg1,0.10828536,6.0
197,0.7238372093023255,0.28318913748994806,0.5189873417721519,0.41836734693877553,BI,PAg2,0.11328031,7.0
198,0.7075736325385694,0.2704293741488399,0.536144578313253,0.4036281179138322,BI,EC,0.11389375,8.0
199,0.7874564459930313,0.45591570155701855,0.6676737160120846,0.53125,BI,SF1,0.12434421,9.0
200,0.733103448275862,0.29072526724711706,0.5014836795252225,0.43556701030927836,BI,EA,0.13067939,10.0
201,0.7961826857532379,0.3894031650011136,0.4604105571847507,0.5772058823529411,BI,PAg3,0.15742272,11.0
202,0.7592592592592593,0.27003843754901724,0.3806646525679758,0.4632352941176471,BI,PAl,0.1874183,12.0
203,0.7467752885268161,0.24301728601271272,0.36257309941520466,0.4444444444444444,BI,PAr,0.57482577,13.0
204,0.7141868512110726,0.19337417787274316,0.375,0.3829787234042553,BI,PR1,0.59170519,14.0
205,0.6865267433987813,0.11095313623256502,0.31085043988269795,0.31736526946107785,BI,PR2,0.60075236,15.0
206,0.6716206652512385,0.07893830076233438,0.29721362229102166,0.2882882882882883,BI,PH,0.60970544,16.0
207,0.63216011042098,0.05178168050568971,0.3333333333333333,0.2660332541567696,BI,PP,0.6240247,17.0
208,0.7130197682344922,0.19163011275893813,0.375366568914956,0.38095238095238093,BI,PK,0.63675848,18.0
209,0.865370770338373,0.6052573625339502,0.6060606060606061,0.7782101167315175,KA,CF,0.02688019,0.0
210,0.8644428672817601,0.6240817742108665,0.7095808383233533,0.716012084592145,KA,BI,0.02824828,1.0
211,0.8107344632768362,0.4407313446401715,0.5,0.6231343283582089,KA,EL,0.06804305,2.0
212,0.7881597717546363,0.412189052307516,0.5432835820895522,0.558282208588957,KA,LA,0.07166908,3.0
213,0.7873563218390804,0.4122343155889827,0.558282208588957,0.5449101796407185,KA,RP1,0.07378112,4.0
214,0.8021978021978022,0.4199803367217549,0.49074074074074076,0.6022727272727273,KA,RP2,0.0769066,5.0
215,0.7940340909090909,0.37706936450679235,0.43902439024390244,0.576,KA,PAg1,0.12761102,6.0
216,0.7256371814092953,0.2820877534766494,0.5097402597402597,0.4220430107526882,KA,PAg2,0.13260597,7.0
217,0.7052401746724891,0.26464516693423906,0.5277777777777778,0.40425531914893614,KA,EC,0.13321941,8.0
218,0.7643219724437998,0.401591861005112,0.6207951070336392,0.5024752475247525,KA,SF1,0.14366987,9.0
219,0.7447879223580158,0.32891850372953024,0.5317220543806647,0.46808510638297873,KA,EA,0.15000505,10.0
220,0.7857651245551601,0.3637646529181765,0.44545454545454544,0.5547169811320755,KA,PAg3,0.17674838,11.0
221,0.7607449856733525,0.29420650751367006,0.40797546012269936,0.4854014598540146,KA,PAl,0.20674396,12.0
222,0.7364341085271318,0.21254559234696555,0.33633633633633636,0.4226415094339623,KA,PAr,0.59415143,13.0
223,0.7048236141108711,0.1818202444524926,0.3716012084592145,0.37846153846153846,KA,PR1,0.61103085,14.0
224,0.6775106082036775,0.08936133051622117,0.2904191616766467,0.3069620253164557,KA,PR2,0.62007802,15.0
225,0.6595900439238653,0.05423364512827764,0.27639751552795033,0.2772585669781931,KA,PH,0.6290311,16.0
226,0.6202440775305097,0.02451950759526604,0.3100303951367781,0.2524752475247525,KA,PP,0.64335036,17.0
227,0.71875,0.21158184953078876,0.3850746268656716,0.4043887147335423,KA,PK,0.65608414,18.0
228,0.855072463768116,0.5667487314704956,0.7269372693726938,0.5915915915915916,CF,BI,0.01606217,0.0
229,0.8648843930635838,0.6036307764756532,0.7593984962406015,0.6215384615384615,CF,KA,0.02688019,1.0
230,0.8141289437585734,0.39537824700622165,0.5183823529411765,0.501779359430605,CF,EL,0.05585694,2.0
231,0.8065187239944521,0.42626070804595656,0.608058608058608,0.4911242603550296,CF,LA,0.05948297,3.0
232,0.7782426778242678,0.3526947716197289,0.5617977528089888,0.42735042735042733,CF,RP1,0.06159501,4.0
233,0.8088761632068718,0.38109713852239285,0.5076335877862596,0.4907749077490775,CF,RP2,0.06472049,5.0
234,0.8106796116504854,0.37357258541596783,0.4833948339483395,0.4962121212121212,CF,PAg1,0.11542491,6.0
235,0.7426253687315634,0.30043139966153715,0.5714285714285714,0.3645833333333333,CF,PAg2,0.12041986,7.0
236,0.6932862190812721,0.22484120201299582,0.5416666666666666,0.31359649122807015,CF,EC,0.1210333,8.0
237,0.7584745762711864,0.36853334395700843,0.6466165413533834,0.4095238095238095,CF,SF1,0.13148376,9.0
238,0.7515701325889742,0.31083260439838684,0.5555555555555556,0.38860103626943004,CF,EA,0.13781894,10.0
239,0.8037318590186593,0.36613723411195814,0.4963235294117647,0.4787234042553192,CF,PAg3,0.16456227,11.0
240,0.796231681786462,0.33417551503622833,0.47509578544061304,0.4444444444444444,CF,PAl,0.19455785,12.0
241,0.7460426703372333,0.1689987748374508,0.3272058823529412,0.3236363636363636,CF,PAr,0.58196532,13.0
242,0.7274633123689728,0.17943782427306212,0.3880597014925373,0.3151515151515151,CF,PR1,0.59884474,14.0
243,0.6973232669869595,0.08074181206103573,0.2977941176470588,0.24471299093655588,CF,PR2,0.60789191,15.0
244,0.6814285714285714,0.04923175690684511,0.28185328185328185,0.21921921921921922,CF,PH,0.61684499,16.0
245,0.6585195530726257,0.07770804799627652,0.3660377358490566,0.23205741626794257,CF,PP,0.63116425,17.0
246,0.7198898830006882,0.15849239946667804,0.3713235294117647,0.2997032640949555,CF,PK,0.64389803,18.0
247,0.7985559566787004,0.47223024028886634,0.4640198511166253,0.748,PAg2,PAg1,0.03478945,0.0
248,0.8080517613227893,0.49886490888007107,0.5087281795511222,0.7445255474452555,PAg2,PAg3,0.08392681,1.0
249,0.7603719599427754,0.36600157027786284,0.41379310344827586,0.6339622641509434,PAg2,EL,0.08578902,2.0
250,0.7241379310344828,0.2850599844791545,0.4094292803970223,0.5305466237942122,PAg2,BI,0.11328031,3.0
251,0.7088150289017341,0.22097429639415164,0.3266832917705736,0.4962121212121212,PAg2,PAl,0.11392239,4.0
252,0.7409024745269287,0.29656634470948445,0.3468354430379747,0.5829787234042553,PAg2,CF,0.12041986,5.0
253,0.6423841059602649,0.16054360105325513,0.43828715365239296,0.39816933638443935,PAg2,EC,0.1263473,6.0
254,0.7353154459753445,0.3151896417486765,0.42643391521197005,0.5588235294117647,PAg2,LA,0.12987381,7.0
255,0.706355003652301,0.24443577738635486,0.3994910941475827,0.48606811145510836,PAg2,RP1,0.13198585,8.0
256,0.725854383358098,0.2849282101030586,0.40568475452196384,0.5304054054054054,PAg2,KA,0.13260597,9.0
257,0.7067164179104478,0.21622774994931063,0.319693094629156,0.49603174603174605,PAg2,RP2,0.13511133,10.0
258,0.7126099706744868,0.2919135107892777,0.4859335038363171,0.49868766404199477,PAg2,SF1,0.2018746,11.0
259,0.7097242380261248,0.2735877342072297,0.44862155388471175,0.4986072423398329,PAg2,EA,0.20820978,12.0
260,0.7017167381974249,0.1995129813694745,0.3111111111111111,0.4772727272727273,PAg2,PAr,0.54429032,13.0
261,0.6797957695113056,0.17316410161601742,0.3468354430379747,0.4308176100628931,PAg2,PR1,0.56116974,14.0
262,0.7033595425303788,0.2350748511944005,0.3851851851851852,0.484472049689441,PAg2,PR2,0.57021691,15.0
263,0.6721189591078067,0.15052085611630453,0.3333333333333333,0.40894568690095845,PAg2,PH,0.57916999,16.0
264,0.6642441860465116,0.18582291184083816,0.42355889724310775,0.42144638403990026,PAg2,PP,0.59348925,17.0
265,0.6949030868628858,0.20689909478851018,0.3625,0.4603174603174603,PAg2,PK,0.60622303,18.0
266,0.8008784773060029,0.47243690667773036,0.7213740458015268,0.48711340206185566,PAg1,PAg2,0.03478945,0.0
267,0.8685831622176592,0.5774474037059392,0.6776556776556777,0.6401384083044983,PAg1,PAg3,0.05981588,1.0
268,0.8292517006802721,0.4471995978619989,0.5615942028985508,0.543859649122807,PAg1,EL,0.08079407,2.0
269,0.8117241379310345,0.39210653955012725,0.5241635687732342,0.493006993006993,PAg1,PAl,0.08981146,3.0
270,0.7938356164383562,0.3768612860102283,0.5567765567765568,0.4578313253012048,PAg1,BI,0.10828536,4.0
271,0.8092926490984743,0.3671534271051629,0.4777777777777778,0.49049429657794674,PAg1,CF,0.11542491,5.0
272,0.6760168302945302,0.16490616236371355,0.4721189591078067,0.2841163310961969,PAg1,EC,0.12135235,6.0
273,0.8154269972451791,0.4527595980601256,0.6336996336996337,0.5073313782991202,PAg1,LA,0.12487886,7.0
274,0.7768537768537769,0.3395948180017192,0.5430711610486891,0.42028985507246375,PAg1,RP1,0.1269909,8.0
275,0.7918745545260156,0.3706186286720974,0.555984555984556,0.4485981308411215,PAg1,KA,0.12761102,9.0
276,0.8024164889836531,0.3682909116462227,0.4944649446494465,0.48727272727272725,PAg1,RP2,0.13011638,10.0
277,0.7211740041928721,0.24683591147551373,0.516728624535316,0.34068627450980393,PAg1,SF1,0.19687965,11.0
278,0.746879334257975,0.2955286538528574,0.5427509293680297,0.37628865979381443,PAg1,EA,0.20321483,12.0
279,0.7486376021798365,0.17329109628844935,0.32608695652173914,0.32967032967032966,PAg1,PAr,0.53929537,13.0
280,0.7204450625869263,0.16349769972070521,0.3763837638376384,0.3044776119402985,PAg1,PR1,0.55617479,14.0
281,0.7314751869476547,0.18744347972900363,0.391304347826087,0.32238805970149254,PAg1,PR2,0.56522196,15.0
282,0.7283687943262411,0.19957257705665035,0.41729323308270677,0.3274336283185841,PAg1,PH,0.57417504,16.0
283,0.6759195003469812,0.13281408064177452,0.4216417910447761,0.26588235294117646,PAg1,PP,0.5884943,17.0
284,0.7469135802469136,0.23621554474717033,0.4358974358974359,0.3562874251497006,PAg1,PK,0.60122808,18.0
285,0.7778541953232462,0.2888267330177978,0.41522491349480967,0.43795620437956206,PAl,PAg3,0.0808708,0.0
286,0.8131034482758621,0.3935693235742402,0.4878048780487805,0.5303030303030303,PAl,PAg1,0.08981146,1.0
287,0.7098901098901099,0.2209505261216794,0.48,0.34285714285714286,PAl,PAg2,0.11392239,2.0
288,0.8191780821917808,0.4184352916025446,0.5209790209790209,0.5398550724637681,PAl,EL,0.15992701,3.0
289,0.7611530542210021,0.27888362831106683,0.46099290780141844,0.3987730061349693,PAl,BI,0.1874183,4.0
290,0.7976273551988835,0.33421394108942715,0.4295774647887324,0.488,PAl,CF,0.19455785,5.0
291,0.6534372785258682,0.10799261973704422,0.41605839416058393,0.25733634311512416,PAl,EC,0.20048529,6.0
292,0.7824585635359116,0.35743006633387125,0.5368421052631579,0.45535714285714285,PAl,LA,0.2040118,7.0
293,0.7752965806001396,0.3443554548798592,0.5415162454873647,0.43478260869565216,PAl,RP1,0.20612384,8.0
294,0.7627606038820992,0.2988163344752923,0.4785714285714286,0.42138364779874216,PAl,KA,0.20674396,9.0
295,0.7941386704789135,0.342815387024375,0.47058823529411764,0.47058823529411764,PAl,RP2,0.20924932,10.0
296,0.6985915492957746,0.18891836994422775,0.4584837545126354,0.3135802469135803,PAl,SF1,0.27601259,11.0
297,0.7152777777777778,0.2027368686668046,0.4432624113475177,0.3306878306878307,PAl,EA,0.28234777,12.0
298,0.7407407407407407,0.1669734798070933,0.3205574912891986,0.33454545454545453,PAl,PAr,0.61842831,13.0
299,0.7276536312849162,0.19379232016382159,0.3957597173144876,0.338368580060423,PAl,PR1,0.63530773,14.0
300,0.704312114989733,0.1084846201965371,0.3146853146853147,0.27607361963190186,PAl,PR2,0.6443549,15.0
301,0.6963649322879544,0.10837186720645807,0.32971014492753625,0.2740963855421687,PAl,PH,0.65330798,16.0
302,0.6475924633635729,0.057329672439030886,0.34275618374558303,0.23317307692307693,PAl,PP,0.66762724,17.0
303,0.7195037904893177,0.1684338837459772,0.3741258741258741,0.3194029850746269,PAl,PK,0.68036102,18.0
304,0.8689419795221843,0.5778385095099456,0.6379310344827587,0.6801470588235294,PAg3,PAg1,0.05981588,0.0
305,0.7764060356652949,0.28534889343258757,0.4195804195804196,0.42857142857142855,PAg3,PAl,0.0808708,1.0
306,0.8043636363636364,0.49207629090805327,0.7338129496402878,0.5112781954887218,PAg3,PAg2,0.08392681,2.0
307,0.8297297297297297,0.4554530434414462,0.5532646048109966,0.568904593639576,PAg3,EL,0.12993143,3.0
308,0.7950987066031314,0.38788862025913956,0.5555555555555556,0.4804804804804805,PAg3,BI,0.15742272,4.0
309,0.8042729152308753,0.3652175553839326,0.46853146853146854,0.5037593984962406,PAg3,CF,0.16456227,5.0
310,0.6657342657342658,0.13629341300264727,0.43617021276595747,0.27828054298642535,PAg3,EC,0.17048971,6.0
311,0.8056125941136209,0.430323145741682,0.6020761245674741,0.5072886297376094,PAg3,LA,0.17401622,7.0
312,0.7629221226740179,0.31954415006260317,0.5263157894736842,0.4178272980501393,PAg3,RP1,0.17612826,8.0
313,0.7870370370370371,0.3663509794803667,0.5379061371841155,0.465625,PAg3,KA,0.17674838,9.0
314,0.8015591778880227,0.3660126750356274,0.48201438848920863,0.4962962962962963,PAg3,RP2,0.17925374,10.0
315,0.7182705718270572,0.24606877231988875,0.5106382978723404,0.35121951219512193,PAg3,SF1,0.24601701,11.0
316,0.78842177808408,0.42261665464849585,0.6480836236933798,0.4744897959183674,PAg3,EA,0.25235219,12.0
317,0.7618403247631935,0.23508985471819033,0.3745704467353952,0.3906810035842294,PAg3,PAr,0.58843273,13.0
318,0.7278393351800554,0.1944629623452539,0.397887323943662,0.3373134328358209,PAg3,PR1,0.60531215,14.0
319,0.7481431465226198,0.25283555632735916,0.44368600682593856,0.38235294117647056,PAg3,PR2,0.61435932,15.0
320,0.7323446327683616,0.21404182589765494,0.4280442804428044,0.3411764705882353,PAg3,PH,0.6233124,16.0
321,0.6864231564438319,0.17300204239184774,0.45614035087719296,0.3023255813953488,PAg3,PP,0.63763166,17.0
322,0.739100817438692,0.22167307522059262,0.41522491349480967,0.3592814371257485,PAg3,PK,0.65036544,18.0
323,0.8022440392706872,0.43850779574521914,0.49166666666666664,0.6413043478260869,PH,PAr,0.04313131,0.0
324,0.7740555951532431,0.4428592941436849,0.6535211267605634,0.5446009389671361,PH,PP,0.04344726,1.0
325,0.7784946236559139,0.40379944782829946,0.5338983050847458,0.5675675675675675,PH,PR1,0.05578767,2.0
326,0.7517630465444288,0.32665528980904934,0.47075208913649025,0.5105740181268882,PH,PK,0.05618104,3.0
327,0.7859649122807018,0.42146361521176234,0.5429362880886427,0.5833333333333334,PH,PR2,0.06483484,4.0
328,0.7287535410764873,0.20782737580561783,0.3146067415730337,0.44621513944223107,PH,PAg1,0.57417504,5.0
329,0.6689240030097818,0.14472225554052737,0.3878787878787879,0.34972677595628415,PH,PAg2,0.57916999,6.0
330,0.7026074700493306,0.13996127242923087,0.2777777777777778,0.3816793893129771,PH,EL,0.58221415,7.0
331,0.673036093418259,0.09461324303289927,0.2841225626740947,0.3322475570032573,PH,BI,0.60970544,8.0
332,0.681655960028551,0.05793862427609101,0.20391061452513967,0.31196581196581197,PH,CF,0.61684499,9.0
333,0.5802023121387283,-0.03430157134339882,0.28205128205128205,0.23130841121495327,PH,EC,0.62277243,10.0
334,0.7326732673267327,0.222360892599182,0.32865168539325845,0.45703125,PH,PAg3,0.6233124,11.0
335,0.674237047551455,0.10706231658362346,0.3025210084033613,0.33962264150943394,PH,LA,0.62629894,12.0
336,0.671919770773639,0.1268147950072461,0.34277620396600567,0.34870317002881845,PH,RP1,0.62841098,13.0
337,0.6612903225806451,0.06453137810942353,0.26666666666666666,0.30564784053156147,PH,KA,0.6290311,14.0
338,0.6836734693877551,0.0890569386088767,0.25217391304347825,0.33079847908745247,PH,RP2,0.63153646,15.0
339,0.6951566951566952,0.11424916209083777,0.2664756446991404,0.35094339622641507,PH,PAl,0.65330798,16.0
340,0.6330935251798561,0.06175203839163785,0.32670454545454547,0.2963917525773196,PH,SF1,0.69829973,17.0
341,0.6754636233951498,0.14106811657095347,0.3587570621468927,0.35774647887323946,PH,EA,0.70463491,18.0
342,0.7528248587570622,0.321394314586707,0.49101796407185627,0.47674418604651164,PK,PH,0.05618104,0.0
343,0.7503457814661134,0.3689496174084138,0.6077844311377245,0.46882217090069284,PK,PP,0.0580435,1.0
344,0.8050271739130435,0.42414385853920794,0.49709302325581395,0.6,PK,PAr,0.07018435,2.0
345,0.765440666204025,0.35208903892323856,0.5088235294117647,0.502906976744186,PK,PR1,0.08284071,3.0
346,0.7564450474898237,0.31596113522996544,0.4682080924855491,0.4807121661721068,PK,PR2,0.09188788,4.0
347,0.7469135802469136,0.23050962892292515,0.3343108504398827,0.4453125,PK,PAg1,0.60122808,5.0
348,0.6892285298398836,0.18806123010881018,0.4276923076923077,0.36578947368421055,PK,PAg2,0.60622303,6.0
349,0.7298578199052133,0.1910154875269414,0.3217391304347826,0.40217391304347827,PK,EL,0.60926719,7.0
350,0.7085324232081911,0.17815569433723155,0.36151603498542273,0.37349397590361444,PK,BI,0.63675848,8.0
351,0.7185134205092911,0.14426585849180987,0.27647058823529413,0.3657587548638132,PK,CF,0.64389803,9.0
352,0.6423562412342216,0.10470880717892082,0.3987915407854985,0.2979683972911964,PK,EC,0.64982547,10.0
353,0.7370218579234973,0.21099543644857602,0.3323615160349854,0.4222222222222222,PK,PAg3,0.65036544,11.0
354,0.696636925188744,0.15042158983351403,0.3460410557184751,0.35014836795252224,PK,LA,0.65335198,12.0
355,0.6639061421670117,0.0691544290078843,0.2955223880597015,0.28285714285714286,PK,RP1,0.65546402,13.0
356,0.7163221667854597,0.19796136710540668,0.3773006134969325,0.3867924528301887,PK,KA,0.65608414,14.0
357,0.6822033898305084,0.05386853758727329,0.2289156626506024,0.2814814814814815,PK,RP2,0.6585895,15.0
358,0.7222605099931082,0.17182645179843328,0.314540059347181,0.381294964028777,PK,PAl,0.68036102,16.0
359,0.6643356643356644,0.13469124211229383,0.4006024096385542,0.321256038647343,PK,SF1,0.72535277,17.0
360,0.6922015182884748,0.1787670051156827,0.40588235294117647,0.3612565445026178,PK,EA,0.73168795,18.0
361,0.7738944365192582,0.44451171460174815,0.5334872979214781,0.6676300578034682,PP,PH,0.04344726,0.0
362,0.7886067261496225,0.47107824418540706,0.4668141592920354,0.7589928057553957,PP,PAr,0.05745057,1.0
363,0.75,0.37811901127561537,0.4622222222222222,0.6341463414634146,PP,PK,0.0580435,2.0
364,0.7738095238095238,0.4465132579454627,0.5223214285714286,0.6822157434402333,PP,PR1,0.07010693,3.0
365,0.7828767123287671,0.4646409174298779,0.5242290748898678,0.7020648967551623,PP,PR2,0.0791541,4.0
366,0.6777546777546778,0.15206007991601775,0.25389755011135856,0.4672131147540984,PP,PAg1,0.5884943,5.0
367,0.6620029455081001,0.18776706252871433,0.4028436018957346,0.4509283819628647,PP,PAg2,0.59348925,6.0
368,0.6364883401920439,0.044828315624058084,0.20750551876379691,0.35471698113207545,PP,EL,0.59653341,7.0
369,0.6342305037957212,0.0701601378232073,0.26057906458797325,0.37142857142857144,PP,BI,0.6240247,8.0
370,0.6576011157601116,0.08837062856052295,0.21670428893905191,0.4,PP,CF,0.63116425,9.0
371,0.5556343019135365,-0.045238849456918716,0.27419354838709675,0.27610208816705334,PP,EC,0.63709169,10.0
372,0.6880607315389924,0.1909359621170036,0.2926829268292683,0.4981132075471698,PP,PAg3,0.63763166,11.0
373,0.6248266296809986,0.048902288046251255,0.25,0.35331230283911674,PP,LA,0.6406182,12.0
374,0.6036287508722958,0.00817612118027937,0.2460136674259681,0.3130434782608696,PP,RP1,0.64273024,13.0
375,0.6227501799856011,0.04101098412883123,0.2441860465116279,0.34539473684210525,PP,KA,0.64335036,14.0
376,0.6222222222222222,0.0031288945066501633,0.18604651162790697,0.311284046692607,PP,RP2,0.64585572,15.0
377,0.6480836236933798,0.07451616559818404,0.22247191011235956,0.38372093023255816,PP,PAl,0.66762724,16.0
378,0.5971830985915493,0.03547934755451853,0.3054298642533937,0.3375,PP,SF1,0.71261899,17.0
379,0.673654786862334,0.20721490517978508,0.3991031390134529,0.47214854111405835,PP,EA,0.71895417,18.0
